<?xml version="1.0"?>
<doc>
    <assembly>
        <name>Stimulsoft.Report.Compare</name>
    </assembly>
    <members>
        <member name="T:Stimulsoft.Report.Compare.Properties.Resources">
            <summary>
              A strongly-typed resource class, for looking up localized strings, etc.
            </summary>
        </member>
        <member name="P:Stimulsoft.Report.Compare.Properties.Resources.ResourceManager">
            <summary>
              Returns the cached ResourceManager instance used by this class.
            </summary>
        </member>
        <member name="P:Stimulsoft.Report.Compare.Properties.Resources.Culture">
            <summary>
              Overrides the current thread's CurrentUICulture property for all
              resource lookups using this strongly typed resource class.
            </summary>
        </member>
    </members>
</doc>
